"common_name","sequence","note"
"Acer negundo 'Variegatum'","1","See also <a href = '/Flowers/Acer.palmatum.html'>Japanese maple</a>"
"Aloha Dark Red 1","1","See also <a href = '/Flowers/Aloha.Regal.Ruby.html'>Aloha Regal Ruby</a>"
"Aloha Regal Ruby 2","1","See also <a href = '/Flowers/Aloha.Dark.Red.html'>Aloha Dark Red</a>"
"Alstroemeria 1","1","See also <a href = '/Flowers/Alstroemeria.2.html'>Alstroemeria 'Princess Lily Louise'</a>"
"Alstroemeria 2","1","This flowers a week or so before 'Angela'"
"Alstroemeria 2","2","See also <a href = '/Flowers/Alstroemeria.1.html'>Alstroemeria 'Angela'</a>"
"Alstroemeria 3","1","Flowering from Christmas with red and green blooms this tuberous perennial spreads quickly to form clumps"
"Alstroemeria 3","2","Best in shade or part-shade"
"Alstroemeria 3","4","Supplier: Rippon Lea Estate"
"Apple 1","1","Heritage semi-dwarf"
"Apple 1","2","Origin: UK 1861"
"Apple 1","3","A really fantastic & distinctive apple"
"Apple 1","4","Medium-sized, golden, russetted fruits ripen mid-season"
"Apple 1","5","Has juicy, sweet flesh with a rich and aromatic tang, unlike any other apple"
"Apple 1","6","Supplier: Rippon Lee Estate"
"Apple 1","7","See also <a href = '/Flowers/Pitmaston.pine.apple.html'>Pitmaston Pine Apple</a>"
"Apple 1","8","See also <a href = '/Flowers/Pine.golden.pippin.html'>Pine Golden Pippin</a>"
"Apple 1","9","See also <a href = '/Flowers/Malus.domestica.Pinkabelle.html'>Malus domestica Pinkabelle</a>"
"Apple 1","10","See also <a href = '/Flowers/Malus.domestica.Leprechaun.html'>Malus domestica Leprechaun</a>"
"Apple 1","11","See also <a href = '/Flowers/Malus.domestica.Pompink.html'>Malus domestica Pompink</a>"
"Apple 1","12","See also <a href = '/Flowers/Malus.domestica.Harmony.html'>Malus domestica Harmony</a>"
"Apple 1","13","See also <a href = '/Flowers/Malus.domestica.Pom-for-You.html'>Malus domestica Pom-for-You</a>"
"Apple 2","1","Heritage semi-dwarf"
"Apple 2","2","Origin: England 1845"
"Apple 2","3","A small, golden yellow fruit with much russetting"
"Apple 2","4","Excellent flavour, described as sweet honey or pineapple-like"
"Apple 2","5","A century ago was lauded for it distict & delicious flavour"
"Apple 2","6","One for connoisseurs"
"Apple 2","7","Supplier: Rippon Lee Estate"
"Apple 2","8","See also <a href = '/Flowers/Pitmaston.pine.apple.html'>Pitmaston Pine Apple</a>"
"Apple 2","9","See also <a href = '/Flowers/Pine.golden.pippin.html'>Pine Golden Pippin</a>"
"Apple 2","10","See also <a href = '/Flowers/Malus.domestica.Pinkabelle.html'>Malus domestica Pinkabelle</a>"
"Apple 2","11","See also <a href = '/Flowers/Malus.domestica.Leprechaun.html'>Malus domestica Leprechaun</a>"
"Apple 2","12","See also <a href = '/Flowers/Malus.domestica.Pompink.html'>Malus domestica Pompink</a>"
"Apple 2","13","See also <a href = '/Flowers/Malus.domestica.Harmony.html'>Malus domestica Harmony</a>"
"Apple 2","14","See also <a href = '/Flowers/Malus.domestica.Pom-for-You.html'>Malus domestica Pom-for-You</a>"
"Apple 3","1","These 2 very old apple trees were dug out in May 2016"
"Apple 3","2","See also <a href = '/Flowers/Pitmaston.pine.apple.html'>Pitmaston Pine Apple</a>"
"Apple 3","3","See also <a href = '/Flowers/Pine.golden.pippin.html'>Pine Golden Pippin</a>"
"Apple 3","4","See also <a href = '/Flowers/Malus.domestica.Pinkabelle.html'>Malus domestica Pinkabelle</a>"
"Apple 3","5","See also <a href = '/Flowers/Malus.domestica.Leprechaun.html'>Malus domestica Leprechaun</a>"
"Apple 3","6","See also <a href = '/Flowers/Malus.domestica.Pompink.html'>Malus domestica Pompink</a>"
"Apple 3","7","See also <a href = '/Flowers/Malus.domestica.Harmony.html'>Malus domestica Harmony</a>"
"Apple 3","8","See also <a href = '/Flowers/Malus.domestica.Pom-for-You.html'>Malus domestica Pom-for-You</a>"
"Apple 4","1","This is a dwarf variety of Cripps Pink Pinkabelle®"
"Apple 4","2","It bears exceptional amounts of large bright pink apples"
"Apple 4","3","Pinkabelle® is partially self fruitful, but benefits from cross pollination"
"Apple 4","4","Leprechaun is the ideal partner, but also other varieties such as Gala, Delicious, Fuji and Crab apples"
"Apple 4","5","Good for tubs"
"Apple 4","6","Flowers in 8-10 weeks are bare-rooted planting"
"Apple 4","7","Supplier: Just Fruit Trees"
"Apple 4","8","See also <a href = '/Flowers/Pitmaston.pine.apple.html'>Pitmaston Pine Apple</a>"
"Apple 4","9","See also <a href = '/Flowers/Pine.golden.pippin.html'>Pine Golden Pippin</a>"
"Apple 4","10","See also <a href = '/Flowers/Malus.domestica.Leprechaun.html'>Malus domestica Leprechaun</a>"
"Apple 4","11","See also <a href = '/Flowers/Malus.domestica.Pompink.html'>Malus domestica Pompink</a>"
"Apple 4","12","See also <a href = '/Flowers/Malus.domestica.Harmony.html'>Malus domestica Harmony</a>"
"Apple 4","13","See also <a href = '/Flowers/Malus.domestica.Pom-for-You.html'>Malus domestica Pom-for-You</a>"
"Apple 5","1","This is a dwarf variety of Granny Smith. It fruits in late April"
"Apple 5","2","It bears exceptional amounts of large large green apples"
"Apple 5","3","Leprechaun is partially self fruitful, but benefits from cross pollination"
"Apple 5","4","Pinkabelle® is the ideal partner, but also other varieties such as Gala, Delicious, Fuji and Crab apples"
"Apple 5","5","Good for tubs"
"Apple 5","6","Supplier: Just Fruit Trees"
"Apple 5","7","See also <a href = '/Flowers/Pitmaston.pine.apple.html'>Pitmaston Pine Apple</a>"
"Apple 5","8","See also <a href = '/Flowers/Pine.golden.pippin.html'>Pine Golden Pippin</a>"
"Apple 5","9","See also <a href = '/Flowers/Malus.domestica.Pinkabelle.html'>Malus domestica Pinkabelle</a>"
"Apple 5","11","See also <a href = '/Flowers/Malus.domestica.Pompink.html'>Malus domestica Pompink</a>"
"Apple 5","12","See also <a href = '/Flowers/Malus.domestica.Harmony.html'>Malus domestica Harmony</a>"
"Apple 5","13","See also <a href = '/Flowers/Malus.domestica.Pom-for-You.html'>Malus domestica Pom-for-You</a>"
"Apple 6","1","This is a columnar apple. It fruits from March to April"
"Apple 6","2","It produces full-sized apples with a light red striped blush with a green background"
"Apple 6","3","The apples are crisp, juicy and sharp but sweet tasting"
"Apple 6","4","Suggested pollinators: Pom-for-You™, Harmony™ and Pinkabelle®"
"Apple 6","5","Good for tubs. Can be planted against a fence"
"Apple 6","6","Flowers in 8-10 weeks are bare-rooted planting"
"Apple 6","7","Supplier: Just Fruit Trees"
"Apple 6","8","See also <a href = '/Flowers/Pitmaston.pine.apple.html'>Pitmaston Pine Apple</a>"
"Apple 6","9","See also <a href = '/Flowers/Pine.golden.pippin.html'>Pine Golden Pippin</a>"
"Apple 6","10","See also <a href = '/Flowers/Malus.domestica.Pinkabelle.html'>Malus domestica Pinkabelle</a>"
"Apple 6","11","See also <a href = '/Flowers/Malus.domestica.Leprechaun.html'>Malus domestica Leprechaun</a>"
"Apple 6","12","See also <a href = '/Flowers/Malus.domestica.Harmony.html'>Malus domestica Harmony</a>"
"Apple 6","13","See also <a href = '/Flowers/Malus.domestica.Pom-for-You.html'>Malus domestica Pom-for-You</a>"
"Apple 7","1","This is a columnar apple. It fruits from March to April"
"Apple 7","2","It produces medium-sized round fruit with a golden skin"
"Apple 7","3","It is an excellent eating apple, with creamy white flesh which is crisp, sweet and juicy"
"Apple 7","4","Suggested pollinators: Pom-for-You™, Pompink™ and Pinkabelle®"
"Apple 7","5","Good for tubs. Can be planted against a fence"
"Apple 7","6","Supplier: Just Fruit Trees"
"Apple 7","7","See also <a href = '/Flowers/Pitmaston.pine.apple.html'>Pitmaston Pine Apple</a>"
"Apple 7","8","See also <a href = '/Flowers/Pine.golden.pippin.html'>Pine Golden Pippin</a>"
"Apple 7","9","See also <a href = '/Flowers/Malus.domestica.Pinkabelle.html'>Malus domestica Pinkabelle</a>"
"Apple 7","10","See also <a href = '/Flowers/Malus.domestica.Leprechaun.html'>Malus domestica Leprechaun</a>"
"Apple 7","11","See also <a href = '/Flowers/Malus.domestica.Pompink.html'>Malus domestica Pompink</a>"
"Apple 7","13","See also <a href = '/Flowers/Malus.domestica.Pom-for-You.html'>Malus domestica Pom-for-You</a>"
"Apple 8","1","This is a columnar apple. It fruits in March"
"Apple 8","2","It produces full-sized apples which have a 70% red stripe blush with a green background"
"Apple 8","3","It is crisp, juciy and sharp but sweet tasting"
"Apple 8","4","Suggested pollinators: Pompink™, Harmony™ and Pinkabelle®"
"Apple 8","5","Good for tubs. Can be planted against a fence"
"Apple 8","6","Flowers in 8-10 weeks are bare-rooted planting"
"Apple 8","7","Supplier: Just Fruit Trees"
"Apple 8","8","See also <a href = '/Flowers/Pitmaston.pine.apple.html'>Pitmaston Pine Apple</a>"
"Apple 8","9","See also <a href = '/Flowers/Pine.golden.pippin.html'>Pine Golden Pippin</a>"
"Apple 8","10","See also <a href = '/Flowers/Malus.domestica.Pinkabelle.html'>Malus domestica Pinkabelle</a>"
"Apple 8","11","See also <a href = '/Flowers/Malus.domestica.Leprechaun.html'>Malus domestica Leprechaun</a>"
"Apple 8","12","See also <a href = '/Flowers/Malus.domestica.Pompink.html'>Malus domestica Pompink</a>"
"Apple 8","13","See also <a href = '/Flowers/Malus.domestica.Harmony.html'>Malus domestica Harmony</a>"
"Aquilegia 1","1","The lilac things are sepals aka calyxes"
"Aquilegia 1","2","Flowering: 2011-11-14, in the Spring (Melbourne, Victoria, Australia)"
"Aquilegia 1","3","The leaves of this plant look extremely like parsley, but may be poisonous"
"Aquilegia 1","4","The plant's seeds and roots are highly poisonous however, and contain cardiogenic toxins"
"Aquilegia 1","5","See also <a href = '/Flowers/Aquilegia.2.html'>Aquilegia 2</a>"
"Aquilegia 1","6","See also Aquilegia Dragonfly and Aquilegia coerulea"
"Aquilegia 1","7","Status: Defunct"
"Aquilegia 2","1","Lovely white flowering compact plant"
"Aquilegia 2","2","Requires part shade for Spring flowers"
"Aquilegia 2","3","Height: 20cm"
"Aquilegia 2","4","The leaves of this plant look extremely like parsley (despite the size), but may be poisonous"
"Aquilegia 2","5","The plant's seeds and roots are highly poisonous however, and contain cardiogenic toxins"
"Aquilegia 2","6","See also <a href = '/Flowers/Aquilegia.1.html'>Aquilegia 1</a>"
"Aquilegia 2","7","Supplier: Rippon Lea Estate"
"Banksia 1","1","Breeder and Marketer: <a href = 'austraflora.com'>austraflora.com</a>"
"Banksia 1","2","See also <a href = '/Flowers/Banksia.2.html'>Banksia blechnifolia</a>"
"Banksia 1","3","Status: Defunct"
"Banksia 2","1","This is an excellent example of Australia's heritage of drought-tolerant plants that are versatile enough to be grown on the East coast of Australia"
"Banksia 2","2","It is a beutiful low-growing garden shrub, with a most spectacular display of red/pink Banksia flowers"
"Banksia 2","3","Originating from Lake King in Western Australia, it is a highly adaptable species flowering from September through to February"
"Banksia 2","4","Honeyeaters and native bees find this beautiful plant hard to resist and congregate en masse throughout the flowering season"
"Banksia 2","5","The fern-like foliage is an added bonus when the plant is not in flower"
"Banksia 2","6","It grows and flowers best in a well-drained soil with full sun and ample air movement around the plant"
"Banksia 2","7","It is also quite happy in lime soils"
"Banksia 2","8","It responds well to pruning after flowering to maintain plant shape and encourage more prolific flowering the following year"
"Banksia 2","9","If the soil is poorly drained a raised garden bed is recommended"
"Banksia 2","10","Alternatively it makes a fine large pot specimen, when used with a premium Australian native potting mix"
"Banksia 2","11","It is a hardy plant tolerating extended dry periods and heavy frosts"
"Banksia 2","12","After establishment in the ground, it requires no extra watering"
"Banksia 2","13","Butterfly attracting. Full sun. Frost tolerant"
"Banksia 2","14","Marketed by Tarrawood Native Nursery"
"Banksia 2","15","See also <a href = '/Flowers/Banksia.1.html'>Banksia spinulosa</a>"
"Basil","1","Plant in full sun, with plants 30cm apart"
"Basil","2","Companions: Eggplant, Fuchsias and Tomatoes"
"Basil","3","Supplier: Botanical Creations"
"Beacon Silver","1","A classic evergreen for shade - part shade"
"Beacon Silver","2","Forms a spreading carpet"
"Beacon Silver","3","Pink blooms are produced mostly in Spring but will continue until Autumn"
"Beacon Silver","4","Hardy once established"
"Beacon Silver","5","15cm x 30cm"
"Beacon Silver","6","Supplier: Rippon Lea Estate"
"Bellflower 1","1","See also <a href = '/Flowers/Campanula.poscharskyana.html'>Serbian bellflower</a>"
"Bellflower 2","1","A great little groundcover that forms a carpet of lilac-blue flowers right thru the warm months"
"Bellflower 2","2","Happy in shade or all but the hottest sun, it is fast growing and surprisingly tough"
"Bellflower 2","3","See also <a href = '/Flowers/Campanula.garganica.html'>Adriatic bellflower</a>"
"Bellflower 2","4","Supplier: Rippon Lea Estate"
"Big Blue Lilyturf","1","Flowering: 2012-03-20, in Summer (Melbourne, Victoria, Australia)"
"Black Coral Pea","1","A vigorous climber with twining stems carrying striking pea-flowers from Winter to Summer"
"Black Coral Pea","2","The violet-purple or black flowers have a greenish-yellow blotch"
"Black Coral Pea","3","A hardy climber suitable for screening large areas"
"Black Coral Pea","4","Not recommended for small areas or weak supporting frames"
"Black Coral Pea","5","Useful groundcover for embankments"
"Black Coral Pea","6","Attracts nectar feeding birds"
"Black Coral Pea","7","Best grown in a sunny to partly shaded position in well drained soil"
"Black Coral Pea","8","Tolerates periods of drought, light frost and poor soils"
"Black Coral Pea","9","Prune after flowering to maintain compact growth"
"Black Coral Pea","10","Good for coastal conditions"
"Black Coral Pea","11","Supplier: Kuranga Native Nursery"
"Blueberry Ash","1","Blueberry Ash is an evergreen tall shrub/small tree that is native to the east coast of Australia from Queensland to Tasmania"
"Blueberry Ash","2","It is a hardy plant that will grow best in a moist, well drained soil, but will survive in conditions that are less than favourable"
"Blueberry Ash","3","Blueberry Ash has dense green foliage that responds well to pruning and will make an excellent hedging/screening plant"
"Blueberry Ash","4","When planted in a favourable spot in the garden it will grow to approximately 5m"
"Blueberry Ash","5","Blueberry Ash will also grow well in large tubs or containers"
"Blueberry Ash","6","This particular selected form of Elaeocarpus has masses of small, pink, bell-shaped flowers that display in Spring/Summer, which are aniseed sented"
"Blueberry Ash","7","Small colorful blue berries follow which will attract native birds"
"Blueberry Ash","8","An interesting feature is a fine, whitish crust of film resembling an evaporated salt layer that appears on the surface of some leaves"
"Blueberry Ash","9","Blueberry Ash will tolerate light frost once established, and is suitable for coastal conditions"
"Blueberry Ash","10","For best results fertilize in early Spring, and prune to shape when required"
"Blueberry Ash","11","Frost tolerant"
"Blueberry Ash","12","Supplier: Pinewood Nursery"
"Blueberry Ash","13","© Norwood"
"Bottlebrush","1","Dwarf"
"Bracteantha","1","Status: Defunct"
"Burnt Orange","1","https://en.wikipedia.org/wiki/Pultenaea_pedunculata"
"Burnt Orange","2","Thumbnail: By Melburnian - Self-photographed, CC BY 2.5 ..."
"Burnt Orange","3","https://commons.wikimedia.org/w/index.php?curid=1598259"
"Burnt Orange","4","Status: Defunct"
"Butterfly Bush","1","An evergreen shrub with flowers that resemble little blue butterflies in Summer and Autumn"
"Butterfly Bush","2","Grows best in full sun with regular watering"
"Butterfly Bush","3","2-3m x 2m"
"Butterfly Bush","4","Supplier: Rippon Lea Estate"
"Butterfly Iris","1","Flowering: 2011-11-14, in Apring (Melbourne, Victoria, Australia)"
"Butterfly Iris","2","The flowers are not aromatic"
"Butterfly Iris","3","See also <a href = '/Flowers/Iris.unguicularis.html'>Iris 'Purple'</a>"
"Camellia","1","Status: Defunct"
"Celosia","1","Status: Defunct"
"Chilean Jasmine","1","It's a vine"
"Chilean Jasmine","2","Flowering: 2011-11-14, in the Spring (Melbourne, Victoria, Australia)"
"Chilean Jasmine","3","It is still flowering strongly 2012-03-19"
"Chilean Jasmine","4","The flowers have a lovely aroma"
"Chilean Jasmine","5","Pruning: Prune back after flowering"
"Chilean Jasmine","6","Feeding: No"
"Chinese Lantern","1","Flowering: Actually, Abutilon flowers almost every day of the year"
"Chinese Lantern","2","It's a tree"
"Chinese Lantern","3","The flowers are not aromatic"
"Chinese Lantern","4","The trunks are fawn-colored with a green tinge"
"Chinese Lantern","5","There can be several hose-like trunks emanating from the same base"
"Chinese Lantern","6","The plant has grown straight up thru a fig tree"
"Chinese Lantern","7","From base to tip-top it is 577cm = 227 inches = 18 feet 11 inches"
"Chinese Lantern","7","Pruning: Late winter"
"Chinese Lantern","8","Feeding: No"
"Chinese fringe flower","1","Feeding: No"
"Chinese fringe flower","2","Pruning: No"
"Chinese fringe flower","3","See also <a href = '/Flowers/Loropetalum.chinense.purple.prince.html'>Chinese witch hazel</a>"
"Chinese witch hazel","1","Feeding: No"
"Chinese witch hazel","2","Pruning: No"
"Chinese witch hazel","3","See also <a href = '/Flowers/Loropetalum.chinense.china.pink.html'>Chinese fringe flower</a>"
"Chocolate Lily","1","Tufted foliage to 30cm x 30cm with tall stems of chocolate scented mauve flowers from Spring to Summer"
"Chocolate Lily","2","Dies down late Summer to edible tubers"
"Chocolate Lily","3","Likes full sun to part shade and moist well-drained soils - drier in Summer"
"Chocolate Lily","4","And yes, it does smell like chocolate"
"Chocolate Lily","5","Supplier: Kuranga Native Nursery"
"Citrus 2","1","Replaced by sweet Meyer Lemon"
"Citrus 2","3","See also <a href = '/Flowers/Tahiti.lime.html'>Tahiti Lime</a>"
"Citrus 2","4","See also <a href = '/Flowers/Washington.navel.orange.html'>Citrus 5</a>"
"Citrus 2","5","See also <a href = '/Flowers/Meyer.lemon.html'>Meyer Lemon</a>"
"Citrus 2","6","Status: Defunct"
"Citrus 3","1","Pruning: No"
"Citrus 3","2","Feeding: Use a complete fertilizer in late winter and late summer"
"Citrus 3","3","See also <a href = '/Flowers/Lisbon.html'>Lisbon Lemon</a>"
"Citrus 3","4","See also <a href = '/Flowers/Tahiti.lime.html'>Tahiti Lime</a>"
"Citrus 3","5","See also <a href = '/Flowers/Washington.navel.orange.html'>Citrus 5</a>"
"Citrus 4","1","This is a dwarf, as is the Citrus 5"
"Citrus 4","2","Pruning: No"
"Citrus 4","3","Feeding: Use a complete fertilizer in late winter and late summer"
"Citrus 4","4","See also <a href = '/Flowers/Lisbon.lemon.html'>Lisbon Lemon</a>"
"Citrus 4","5","See also <a href = '/Flowers/Meyer.lemon.html'>Meyer Lemon</a>"
"Citrus 4","6","See also <a href = '/Flowers/Washington.navel.orange.html'>Citrus 5</a>"
"Citrus 5","1","This is a dwarf, as is the Tahiti Lime"
"Citrus 5","2","Warning: The buds are mercilessly predated by possums"
"Citrus 5","3","Stop Press 2016-06-25: I finally picked an orange, and it was delicious!"
"Citrus 5","4","It was not as sweet as commercial oranges, of course, which are bred to be very sweet"
"Citrus 5","5","Pruning: No"
"Citrus 5","6","Feeding: Use a complete fertilizer in late winter and late summer"
"Citrus 5","7","See also <a href = '/Flowers/Lisbon.lemon.html'>Lisbon Lemon</a>"
"Citrus 5","8","See also <a href = '/Flowers/Meyer.lemon.html'>Meyer Lemon</a>"
"Citrus 5","9","See also <a href = '/Flowers/Tahati.lime.html'>Tahiti Lime</a>"
"Convolvulus 1","1","A bullet-proof small shrub for dry and sunny spots"
"Convolvulus 1","2","Forms a small mounded shrub with grey foliage covered in large white flowers throughout the warmer months"
"Convolvulus 1","3","Very low maintenance"
"Convolvulus 1","4","Supplier: Rippon Lea Estate"
"Convolvulus 2","1","A tough evergreen shrob that forms a nice groundcover, or good for trailing over walls or hanging baskets"
"Convolvulus 2","2","Produces lots of showy blue flowers in the warmer months"
"Convolvulus 2","3","Sun or shade"
"Convolvulus 2","4","Supplier: Rippon Lea Estate"
"Corn Salad","1","A fast-maturing, sharp-flavoured annual herb that grows year round"
"Corn Salad","2","The edible leaves make a fine addition to Winter salads"
"Corn Salad","3","Harvest young leaves as required or use whole plants while still young"
"Corn Salad","4","Grow in a sunny to partly shaded position in moist, well drained soil"
"Corn Salad","5","Provide reqular water"
"Corn Salad","6","Supplier: Botanical Creations"
"Corn Salad","7","Status: Defunct"
"Correa - Orange form","1","Evergreen Australian native shrub"
"Correa - Orange form","2","This compact Correa produces tublar bright orange flowers in Autumn to Spring"
"Correa - Orange form","3","Leaves are narrow and green"
"Correa - Orange form","4","Performs best in moist, well-drained soil in part sun/part shade"
"Correa - Orange form","5","This Correa tolerates minor frost"
"Correa - Orange form","6","It is tolerant of coastal conditions"
"Correa - Orange form","7","Mulch well to suppress weeds and conserve soil moisture"
"Correa - Orange form","8","Tip prune to retain shape and keep compact"
"Correa - Orange form","9","Supplier: Kuranga Native Nursery"
"Corymbia ficifolia 1","1","See also <a href = '/Flowers/Corymbia.ficifolia.2.html'>Corymbia ficifolia 'Mini Orange'</a>"
"Corymbia ficifolia 2","1","See also <a href = '/Flowers/Corymbia.ficifolia.1.html'>Corymbia ficifolia 'Baby Orange'</a>"
"Crowea","1","After flowering, prune by 1/3rd"
"Dampiera trigona","1","https://en.wikipedia.org/wiki/Dampiera_linearis"
"Dampiera trigona","2","Thumbnail (Dampiera linearis actually): By Melburnian - Own work, CC BY 2.5 ..."
"Dampiera trigona","3","https://commons.wikimedia.org/w/index.php?curid=1598219"
"Dampiera trigona","4","Status: Defunct"
"Daphne","1","This plant is probably Jacqueline Postill"
"Daphne","2","Flowering: 2012-07-07, in Winter (Melbourne, Victoria, Australia)"
"Daphne","3","The aroma of the flowers is legendary"
"Daphne","4","Pruning: No"
"Daphne","5","Feeding: No"
"Delphinium","1","Stunning perennial with blue flashes of flowers thru warmer months"
"Delphinium","2","Thrives in a sunny position"
"Delphinium","3","Toxic to humans and animals"
"Delphinium","4","Thumbnail © Royal Botanic Gardens, Melbourne"
"Delphinium","5","Supplier: Rippon Lea Estate"
"Dianella prunina","1","An elegant clumping ornamental Australian flax with distinctive blue/purple foliage"
"Dianella prunina","2","Grows to an average size of 50cm across, with graceful flower stems reaching over 1m in height"
"Dianella prunina","3","Can be used for mass planting, foliage or accent grassy gardens, adding a unique color perspective to any garden"
"Dianella prunina","4","Tolerates a variety of climartic conditions"
"Dianella prunina","5","Full sun to part shade"
"Dianella prunina","6","Very hardy, drought and frost tolerant"
"Dianella prunina","7","Avoid prolonged wet conditions"
"Dianella prunina","8","When planting ensure the base of the plant is not covered with mulch or soil"
"Dianella prunina","9","Plant in a well mulched garden"
"Dianella prunina","10","Feritilize with a slow release fertilizer after 2 months, and then only if required"
"Dianella prunina","11","Remove older leaves as required to keep plant looking good"
"Dianella prunina","12","For a better foliage specimen, remove flower stems before flowering"
"Dianella prunina","13","Once established do not water too much"
"Dianella prunina","14","I am a Fuss Pot!"
"Dianella prunina","15","Supplier: Kuranga Native Nursery"
"Diplarrena latifolia","1","Tasmanian native iris-like foliage"
"Diplarrena latifolia","2","White flowers marked purple"
"Diplarrena latifolia","3","Moist well-drained heavy soil in some shade"
"Diplarrena latifolia","4","Frost resistant"
"Diplarrena latifolia","5","Supplier: Kuranga Native Nursery"
"Dwarf Crown of Thorns","1","A dwarf form of the Crown of Thorns plant"
"Dwarf Crown of Thorns","2","One of the toughest house plant around or for shady, frost protected parts of the garden"
"Dwarf Crown of Thorns","3","Dark Pink flowers are on show all year"
"Dwarf Crown of Thorns","4","Supplier: Rippon Lea Estate"
"Elephant bush","1","Flowering: 2011-10-05, in Spring (Melbourne, Victoria, Australia)"
"Elephant bush","2","This is a tiny plant, but can spead easily in semi-shade"
"Elephant bush","3","Feeding: No"
"Elephant bush","4","Pruning: No"
"Elephant-ear","1","Note: The plant is highly poisonous"
"Elephant-ear","2","Pruning: No"
"Elephant-ear","3","Feeding: No"
"Eremorphila nivea","1","Improved form of Eremophila nivea introduced by Philip Vaughan"
"Eremorphila nivea","2","This improved form of the popular Australian plant Eremophila nivea is far less suseptible to disease and foliage damage than the normal form"
"Eremorphila nivea","3","The beautiful silvery grey foliage is attractive on its own, but when the vivid blue flowers appear it is an arresting sight"
"Eremorphila nivea","4","In fact the foliage is so soft to the touch it's hard to believe it belongs to a plant"
"Eremorphila nivea","5","Grafted onto a hardy rootstock to make it suitable under a range of conditions"
"Eremorphila nivea","6","Performs best in full sun or light shade, in well drained soil"
"Eremorphila nivea","7","Apply a thick mulch above the roots to suppress weeds and conserve moisture, but keep it away from the trunk"
"Eremorphila nivea","8","Trim lightly after flowering to maintain a compact habit"
"Eremorphila nivea","9","Care must be taken to remove ALL growth below the graft union or these shoots will grow through the grafted canopy and eventually overrun your plant"
"Eremorphila nivea","10","1.5m x 1.5m"
"Eremorphila nivea","11","Suitable for large containers"
"Eremorphila nivea","12","Drought tolerant once established"
"Eremorphila nivea","13","<a href = 'http://GardenAssets.com.au'>GardenAssets.com.au</a>"
"Eremorphila nivea","14","Supplier: Kuranga Native Nursery"
"Fig","1","Note: Never plant in the garden due to its invasive root system, which can break concrete"
"Firebird","1","An eye-catching perennial with tall spikes of scarlet flowers in Spring/Summer"
"Firebird","2","Likes a sunny spot and is fairly care-free other than a winter prune"
"Firebird","3","Supplier: Rippon Lea Estate"
"Flame pea 1","1","Provides a profusion of brilliant orange-red flowers from Winter to Summer"
"Flame pea 1","2","Scrambling, evergreen shrub with leathery, heart-shaped leaves"
"Flame pea 1","3","Easy-to-grow ornamental shrub for gardens or containers"
"Flame pea 1","4","Also acts as a climber if given support"
"Flame pea 1","5","Grows well in a partly-shaded position in moist, well-drained soil"
"Flame pea 1","6","Prune after flowering to maintain compact growth"
"Flame pea 1","7","Cultivate soil before planting. Dig hole twice the width of the container"
"Flame pea 1","8","Remove plant from container and place into the hole so the soil level is the same as the surrounding ground"
"Flame pea 1","9","Fill hole firmly and water in well even if the soil is moist"
"Flame pea 1","10","© Norwood"
"Flame pea 1","11","Supplier: Kuranga Native Nursery"
"Flame pea 1","12","Status: Defunct"
"Flame pea 2","1","Compact small shrub which bares masses of flame orange and pink pea-like flowers above holly foliage"
"Flame pea 2","2","Flowering occurs sporadically throughtout the year with the main flowering in Spring"
"Flame pea 2","3","Performs well in full sun or part-shaded positions in well-drained soils"
"Flame pea 2","4","Tolerant of alkaline soils"
"Flame pea 2","5","Tip prune young plants after flowering to maintain a dense habit"
"Flame pea 2","6","Mulch around the base of the plant to preserve moisture over the drier months of the year"
"Flame pea 2","7","Suits native gardens, cottage-style gardens, coastal gardens and containers"
"Flame pea 2","8","Attracts birds"
"Flame pea 2","9","immij pty ltd ©"
"Flame pea 2","10","Supplier: Kuranga Native Nursery"
"Forest Pansy","1","Pruning: Responds well to a hard annual pruning if a denser, more shrub-like habit is desired"
"Forest Pansy","2","Feeding: Use a complete fertilizer each spring"
"Fountain Grass","1","The flowers are not aromatic"
"Fountain Grass","2","Spreads ruthlessly, at any distance from the parent"
"Fountain Grass","3","Flowering: 2011-11-25, in Spring (Melbourne, Victoria, Australia)"
"Fountain Grass","4","Status: Defunct"
"Fuchsia 1","1","Status: Defunct"
"Fuchsia 1","2","See also <a href = '/Flowers/Fuchsia.2.html>Fuchsia 2</a>"
"Fuchsia 2","1","Strong upright with long pendant flowers in clusters"
"Fuchsia 2","2","Salmon-orange flowers with large sage-green velvety leaves"
"Fuchsia 2","3","Can tolerate sun and moderate heat"
"Fuchsia 2","4","Plant is a sheltered position"
"Fuchsia 2","5","Maintain moist, well-drained soil"
"Fuchsia 2","6","Supplier: Burnley Horticultural College"
"Fuchsia 2","7","See also <a href = '/Flowers/Fuchsia.1.html>Fuchsia 1</a>"
"Garden heliotrope","1","A highly fragrant perennial plant, with an intense, rather vanilla-like fragrance"
"Garden heliotrope","2","The seeds are poisonous, and toxic to horses"
"Garden heliotrope","3","Note that the common name 'garden heliotrope' may also refer to the herb Valerian"
"Garden heliotrope","4","... and ..."
"Garden heliotrope","5","An attractive, adaptable and hardy low evergreen shrub"
"Garden heliotrope","6","Forms a mound of purplish foliage with purple flowers over the warmer months"
"Garden heliotrope","7","Happy in sun or quite a lot of shade"
"Garden heliotrope","8","Supplier: Rippon Lea Estate"
"Glory Bush","1","The flowers are not aromatic"
"Glory Bush","2","Flowering: 2011-12-21, in Summer (Melbourne, Victoria, Australia)"
"Glory Bush","3","Pruning: Cut well back in mid-winter after the flowers fade and tip prune as new growth appears"
"Glory Bush","4","I prune it to 20cm in late Autumn"
"Glory Bush","5","Feeding: No"
"Grevillea 1","1","See also <a href = '/Flowers/Grevillea.Lemondaze.html'>Grevillea 'Lemon Daze'</a>"
"Grevillea 1","2","See also <a href = '/Flowers/Grevillea.Lady.O.html'>Grevillea Lady 'O'</a>"
"Grevillea 2","1","This is a medium-sized spreading shrub bearing a host of bright red flowers"
"Grevillea 2","2","Under mild conditions plants can flower all year round"
"Grevillea 2","3","Attracts nectar-feeding birds"
"Grevillea 2","4","Responds well to regular pruning"
"Grevillea 2","5","Feed with a low phosphorous fertilizer"
"Grevillea 2","6","Full sun. Part shade. Great for pots. Long flowering"
"Grevillea 2","7","See also <a href = '/Flowers/Grevillea.Goldfever.html'>Grevillea 'Goldfever'</a>"
"Grevillea 2","8","See also <a href = '/Flowers/Grevillea.Lemondaze.html'>Grevillea 'Lemon Daze'</a>"
"Grevillea 3","1","See also <a href = '/Flowers/Grevillea.Goldfever.html'>Grevillea 'Goldfever'</a>"
"Grevillea 3","2","See also <a href = '/Flowers/Grevillea.Lady.O.html'>Grevillea Lady 'O'</a>"
"Grevillea 4","1","A cross between Grevillea 'Scarlet Sprite' and Grevillea alpina"
"Grevillea 4","2","'Fireworks' is a small to medium shrub, approximately 1m tall"
"Grevillea 4","3","It has bright red and yellow flowers and soft grey/green foliage"
"Grevillea 4","4","Flowers occur on the ends of short branches, and an explosion of colour is seen from Autumn to Spring"
"Grevillea 4","5","Plants are both frost and drought tolerant and are useful for attracting birds to your garden"
"Grevillea 4","6","Supplier: Pinewood Nursery"
"Grevillea 4","7","See also <a href = '/Flowers/Grevillea.lanigera.html'>Honeyeater Heaven</a>"
"Grevillea 5","1","A compact evergreen shrub to 80cm high which bears an adundance of red and white flowers through Winter"
"Grevillea 5","2","It provides an excellent food source for honeyeaters and native bird life"
"Grevillea 5","3","It makes for a perfect low hedge, in gardens, rockeries or as a container specimen"
"Grevillea 5","4","Full sun. It is hardy in most well-drained soils. Frost tolerant"
"Grevillea 5","5","Supplier: Pinewood Nursery"
"Grevillea 5","6","See also <a href = '/Flowers/Grevillea.Fireworks.html'>Fireworks</a>"
"Heavenly Bamboo","2","Feeding: No"
"Heavenly Bamboo","3","Pruning: No"
"Hellebore 1","1","Flowering: 2011-11-14, in Spring (Melbourne, Victoria, Australia)"
"Hellebore 1","2","Flowering: 2012-07-17, and most are pink and white"
"Hellebore 1","3","The flowers are not aromatic"
"Hellebore 1","4","Feeding: Feed between mid-autumn and mid-spring"
"Hellebore 1","5","Pruning: Cut off old foliage in late autumn/early winter"
"Hellebore 1","6","See also <a href = '/Flowers/Helleborus.foetidus.html'>Stinking Hellebore</a>"
"Hellebore 2","1","Don't be put off by the common name, this is a great foliage plant for shady spots"
"Hellebore 2","2","In winter it bears large yellow/green flower heads and its foliage provides year round interest"
"Hellebore 2","3","Will take morning sun or full shade"
"Hellebore 2","4","Supplier: Rippon Lea Estate"
"Hellebore 2","5","See also <a href = '/Flowers/Helleborus.argutifolius.html'>Winter Rose</a>"
"Hellebore 2","6","Status: Defunct"
"Heuchera 1","1","See also <a href = '/Flowers/Heuchera.2.html'>Heuchara 'Peach Flambé'</a>"
"Heuchera 1","1","See also <a href = '/Flowers/Heuchera.1.html'>Heuchara 'Obsidian'</a>"
"Heuchera 2","2","Status: Defunct"
"Hibbertia 1","1","This is an Australian native"
"Hibbertia 1","2","Flowering: 2011-11-14, in Spring (Melbourne, Victoria, Australia)"
"Hibbertia 1","3","It's a vine"
"Hibbertia 1","4","The flowers are slightly aromatic, but some people dislike the aroma"
"Hibbertia 2","1","Hibbertias are renowned for their bright yellow flowers"
"Hibbertia 2","2","This Hibbertia forms a small shrub with greyish-green leaves"
"Hibbertia 2","3","Produces a profusion of bright yellow flowers in Spring and Summer"
"Hibbertia 2","4","Ideal for containers, rockeries and borders"
"Hibbertia 2","5","Best grown in partial shade or filtered sun in well drained soil"
"Hibbertia 2","6","Regular tip pruning encourages compact growth"
"Hibbertia 2","7","Tolerates light frost"
"Hibbertia 2","8","Culivate soil before planting"
"Hibbertia 2","9","Dig hole twice the width of the container"
"Hibbertia 2","10","Remove plant from container and place into the hole so the soil level is the same as the surrounding ground"
"Hibbertia 2","11","Fill hole firmly and in well even if the soil is moist"
"Hibbertia 2","12","Full sun or part shade"
"Hibbertia 2","13","Prostrate"
"Hibbertia 2","14","Width: To 1m"
"Hibbertia 2","15","Coastal conditions"
"Hibbertia 2","16","Supplier: Kuranga Native Nursery"
"Hibbertia 2","17","Status: Defunct"
"Hibiscus 1","1","This is an Australian native tree"
"Hibiscus 1","2","Flowering: 2011-11-14, in the Spring (Melbourne, Victoria, Australia)"
"Hibiscus 1","3","The flowers are aromatic"
"Hibiscus 1","4","From base to tip-top it is 559cm = 220 inches = 18 feet 4 inches"
"Hibiscus 1","5","Pruning: Prune to shape in early spring"
"Hibiscus 1","6","Feeding: Follow pruning with a complete fertilizer and abundant summer water"
"Hibiscus 1","7","See also <a href = '/Flowers/Alyogyne.huegelii.2.html'>Alyogyne huegelii (West Coast Gem)</a>"
"Hibiscus 1","8","See also <a href = '/Flowers/Hibiscus.html'>Hibiscus</a>"
"Hibiscus 1","9","Status: Defunct"
"Hibiscus 2","1","This is an Australian native tree"
"Hibiscus 2","2","Supplier: Kuranga Native Nursery"
"Hibiscus 3","1","Flowering: 2011-11-14, in Spring (Melbourne, Victoria, Australia)"
"Hibiscus 3","2","It is still flowering strongly 2012-03-19"
"Hibiscus 3","3","The flowers are not aromatic"
"Hibiscus 3","4","Pruning: Prune to shape in early spring and follow up with a complete fertilizer, and abundant summer water. Tip prune occasionally for a bushier plant"
"Hibiscus 3","5","See also <a href = '/Flowers/Alyogyne.huegelii.1.html'>Alyogyne huegelii</a>"
"Hibiscus 3","5","See also <a href = '/Flowers/Alyogyne.huegelii.1.html'>Alyogyne huegelii</a>"
"Hibiscus 3","6","See also <a href = '/Flowers/Alyogyne.huegelii.2.html'>Alyogyne huegelii (West Coast Gem)</a>"
"Himalayan Knotweed","1","A dense and hardy groundcover with spikes of red and pink flowers throughout Summer"
"Himalayan Knotweed","2","Foliage gets bronzy coloring in Autumn"
"Himalayan Knotweed","3","Happy in sun or shade in moist or fairly dry soil"
"Himalayan Knotweed","4","Spread 20cm x 80cm"
"Himalayan Knotweed","5","Supplier: Rippon Lea Estate"
"Honeysuckle","1","Flowering: 2011-12-20, in Spring (Melbourne, Victoria, Australia)"
"Honeysuckle","2","Pruning: Keep under control"
"Honeysuckle","3","Feeding: No"
"Honeysuckle","4","Status: Defunct"
"Hummingbird Plant","1","Deciduous clumping plant topped with tubular orange flowers from late Spring until Summer"
"Hydrangea","1","Status: Defunct"
"Hymenosporum","1","Dwarf version of the 'Native frangipani'"
"Hymenosporum","2","A shrub with large, glossy leaves and yellow perfumed flowers"
"Hymenosporum","3","Great feature or pot plant that can be used indoors or outdoors"
"Hymenosporum","4","Supplier: Burnley Horticultural College"
"Iris 1 - Pale purple","1","Flowering: 2012-06-20, at the end of Autumn (Melbourne, Victoria, Australia)"
"Iris 1 - Pale purple","2","The flowers have a slight but pretty aroma"
"Iris 1 - Pale purple","3","Pruning: No. Divide rhizomes in Summer"
"Iris 1 - Pale purple","4","Feeding: No"
"Iris 1 - Pale purple","5","See also <a href = '/Flowers/Dietes.html'>Dietes</a>"
"Isopogon latifolius","1","Water moderately"
"Isopogon latifolius","2","Frost-hardy"
"Isopogon latifolius","3","An evergreen small shrub with large green leaves"
"Isopogon latifolius","4","Produces attractive and unusual large pink terminal cone flowers during late Winter and Spring"
"Isopogon latifolius","5","Excellent for cut flowers which are long-lasting"
"Isopogon latifolius","6","Looks good in the garden or as a container pot"
"Isopogon latifolius","7","Prefers a moist, well-drained soil in a sunny position"
"Isopogon latifolius","8","Prune after flowering to maintain compact growth"
"Isopogon latifolius","9","Mulch and water plants well during dry periods"
"Isopogon latifolius","10","Culivate soil before planting."
"Isopogon latifolius","11","Dig hole twice the width of the container"
"Isopogon latifolius","12","Remove plant from container and place into the hole so the soil level is the same as the surrounding ground"
"Isopogon latifolius","13","Fill hole firmly and in well even if the soil is moist"
"Isopogon latifolius","14","I am a Fuss Pot!"
"Isopogon latifolius","15","Supplier: Kuranga Native Nursery"
"Japanese Spiraea","1","Flowering: 2011-11-14, in Spring (Melbourne, Victoria, Australia)"
"Japanese Spiraea","2","Pruning: Prune after flowering, removing older branches at ground level"
"Japanese Spiraea","3","Feeding: No"
"Japanese maple","1","See also <a href = '/Flowers/Acer.negundo.html'>Acer negundo 'Variegatum'</a>"
"Kangaroo Paw 1 - Yellow","1","This is an Australian native"
"Kangaroo Paw 1 - Yellow","2","Bush Bonanza features large, bright yellow flowers on strong, upright orange/red stems"
"Kangaroo Paw 1 - Yellow","3","The flower stems produce large numbers of blooms that hold their color over several months"
"Kangaroo Paw 1 - Yellow","4","Expect peak flowering from Spring to early Summer, with a secondary flush in Autumn"
"Kangaroo Paw 1 - Yellow","5","It is a perfect plant to grow in a container in a sunny spot"
"Kangaroo Paw 1 - Yellow","6","Full sun. Heat tolerant. Light frost tolerant. Drought tolerant"
"Kangaroo Paw 1 - Yellow","7","Remove old flower stems and leaves as close as possible to their base"
"Kangaroo Paw 1 - Yellow","8","Sprinkle a small handful of slow release fertilizer for native plants around the base of the plant in Autumn and again in Spring"
"Kangaroo Paw 1 - Yellow","9","Water only when the top of the potting mix has dried out"
"Kangaroo Paw 1 - Yellow","10","Keep the center of the plant free of weeds, dead leaves and spent flower stems"
"Kangaroo Paw 1 - Yellow","11","See also <a href = 'Anigozanthus.2.html'>Bush Crystal</a>"
"Kangaroo Paw 1 - Yellow","12","Supplier: Botanical Creations"
"Kangaroo Paw 2 - Red","1","This is an Australian native"
"Kangaroo Paw 2 - Red","2","Stunning iridescent crimson flowers stand tall from the slightly arching foliage creating an impressive display"
"Kangaroo Paw 2 - Red","3","Bush Crystal has all the excellent features Bush Gems are known for plus the amazing glow of crimson flowers"
"Kangaroo Paw 2 - Red","4","Beautiful on its own or perhaps best enjoyed alongside Bush Diamond and Bush Pearl"
"Kangaroo Paw 2 - Red","5","Prolific flowering from Spring to Summer"
"Kangaroo Paw 2 - Red","6","Well drained, sunny location"
"Kangaroo Paw 2 - Red","7","Remove old flower stems and leaves as close as possible to their base"
"Kangaroo Paw 2 - Red","8","Sprinkle a small handful of slow release fertilizer for native plants around the base of the plant in Autumn and again in Spring"
"Kangaroo Paw 2 - Red","9","Water only when the top of the potting mix has dried out"
"Kangaroo Paw 2 - Red","10","Keep the center of the plant free of weeds, dead leaves and spent flower stems"
"Kangaroo Paw 2 - Red","11","See also <a href = 'Anigozanthus.1.html'>Bush Bonanza</a>"
"Kangaroo Paw 2 - Red","12","Supplier: Botanical Creations"
"Lechenaultia","1","Small evergreen Australian native shrub with spectacular blue blooms over a long period"
"Lechenaultia","2","Features: Dwarf, woody stemmed shrub, prized for its massed display of very deep blue flowers"
"Lechenaultia","3","Flowers age from a deep blue to a paler blue"
"Lechenaultia","4","Grey-green foliage"
"Lechenaultia","5","Plants are sometimes spread by suckers"
"Lechenaultia","6","Originating from Moora, North of Perth"
"Lechenaultia","7","Suited to very free-draining soils or potting mix in full sun."
"Lechenaultia","8","Tolerant of sandy to clay loams, light frosts, hard pruning, light dappled shade and hot dry sites"
"Lechenaultia","9","Tip prune young plants regularly"
"Lechenaultia","10","Light application of slow release fertilizer may be beneficial"
"Lechenaultia","11","Mulch well using wood chips or pebbles"
"Lechenaultia","12","Water over extended dry periods by deep soaking during a cool part of the day"
"Lechenaultia","13","Great in rockeries or hanging baskets, mixed with Australian natives and/or exotics"
"Lechenaultia","14","Supplier: Kuranga Native Nursery"
"Lechenaultia","15","Status: Defunct"
"Lily","1","50-150cm x 20-30cm. Full sun to semi-shade. Frost hardy"
"Lily","2","Lilies thrive in semi-shade in warmer areas, but full sun is easily tolerated in cooler climates"
"Lily","3","Soil should be humus rich, moist and well-drained"
"Lily","4","Apply a mulch in summer to help retain moisture"
"Lily","5","Staking may be required"
"Marigold","1","Status: Defunct"
"Marmalade Bush","1","Flowering: 2011-12-20, in the (Melbourne, Victoria, Australia) Spring"
"Marmalade Bush","2","Pruning: Tip prune from an early age. As it becomes bushy, prune back all over immediately flowers are spent"
"Marmalade Bush","3","Feeding: No"
"Mexican Mock Orange","1","Pruning: No"
"Mexican Mock Orange","2","Feeding: No"
"Morning Glory","1","Flowering: 2011-11-14, in Spring (Melbourne, Victoria, Australia)"
"Morning Glory","2","It's a vine"
"Morning Glory","3","The flowers are aromatic"
"Morning Glory","4","This is not a Moonflower, if only because the flowers are open 24 hours a day"
"Morning Glory","5","Pruning: Cut back to keep bushy, if desired"
"Morning Glory","6","Feeding: Fertilize twice a year"
"Morning Glory","7","Status: Defunct"
"Narcissus","1","The flowers are quite aromatic, but some people might find them a little unpleasant"
"Narcissus","2","Flowering: 2012-06-30, in Winter (Melbourne, Victoria, Australia)"
"Narcissus","4","Feeding: No"
"Narcissus","5","Pruning: No"
"Nasturtium","1","One pot plant is a perennial, dying back at the start of Summer"
"Nasturtium","2","The other one crept across the patio and then completely died off"
"Nasturtium","3","All parts of the plant - flowers, leaves, stems, rhizomes - can be eaten"
"Nierembergia","1","Almost blue, cup shaped flowers in Spring and Summer"
"Nierembergia","2","For full sun or part shade"
"Nierembergia","3","Likes a rich soil and some additional water in hot weather"
"Nierembergia","4","Perfect for the cottage garden"
"Nierembergia","5","Cut down low to the ground in Autumn"
"Nierembergia","6","Supplier: Rippon Lea Estate"
"Plectranthus caninus","1","This is an attractive member of the mint family originates from South Africa and is particulary hardy"
"Plectranthus caninus","2","Lovely long-lasting purple flower spikes year round"
"Plectranthus caninus","3","40cm x 40cm"
"Plectranthus caninus","4","Supplier: Rippon Lea Estate"
"Plectranthus caninus","5","See also <a href = '/Flowers/Plectranthus.ecklonii.1.html>Plectranthus ecklonii 1</a>"
"Plectranthus caninus","6","See also <a href = '/Flowers/Plectranthus.ecklonii.2.html>Plectranthus ecklonii 2</a>"
"Plectranthus caninus","7","See also <a href = '/Flowers/Plectranthus.saccatus.html>Plectranthus saccatus</a>"
"Plectranthus ecklonii 1","1","Shade loving, autumn flowering evergreen shrub"
"Plectranthus ecklonii 1","2","Plant under trees"
"Plectranthus ecklonii 1","3","Dry tolerant"
"Plectranthus ecklonii 1","4","Cut back after flowering"
"Plectranthus ecklonii 1","5","May be clipped back during Spring and early Summer to keep compact"
"Plectranthus ecklonii 1","6","Supplier: Burnley Horticultural College"
"Plectranthus ecklonii 1","7","See also <a href = '/Flowers/Plectranthus.caninus.html>Plectranthus caninus</a>"
"Plectranthus ecklonii 1","8","See also <a href = '/Flowers/Plectranthus.ecklonii.2.html>Plectranthus ecklonii 2</a>"
"Plectranthus ecklonii 1","9","See also <a href = '/Flowers/Plectranthus.saccatus.html>Plectranthus saccatus</a>"
"Plectranthus ecklonii 2","1","Evergreen shrub"
"Plectranthus ecklonii 2","2","Dense sprays of pure white flowers late in Summer"
"Plectranthus ecklonii 2","3","Frost tender"
"Plectranthus ecklonii 2","4","Supplier: Burnley Horticultural College"
"Plectranthus ecklonii 2","5","See also <a href = '/Flowers/Plectranthus.caninus.html>Plectranthus caninus</a>"
"Plectranthus ecklonii 2","6","See also <a href = '/Flowers/Plectranthus.ecklonii.1.html>Plectranthus ecklonii 1</a>"
"Plectranthus ecklonii 2","7","See also <a href = '/Flowers/Plectranthus.saccatus.html>Plectranthus saccatus</a>"
"Plectranthus saccatus","1","Evergreen shrub"
"Plectranthus saccatus","2","Green leaves with soft hairs"
"Plectranthus saccatus","3","Mauve-blue or white flowers"
"Plectranthus saccatus","4","Low sun to shade"
"Plectranthus saccatus","5","Allow to dry between waterings"
"Plectranthus saccatus","6","Supplier: Burnley Horticultural College"
"Plectranthus saccatus","7","See also <a href = '/Flowers/Plectranthus.caninus.html>Plectranthus caninus</a>"
"Plectranthus saccatus","8","See also <a href = '/Flowers/Plectranthus.ecklonii.1.html>Plectranthus ecklonii 1</a>"
"Plectranthus saccatus","9","See also <a href = '/Flowers/Plectranthus.ecklonii.2.html>Plectranthus ecklonii 2</a>"
"Rice Flower 1","1","See also <a href = '/Flowers/Pimelea.rosea.html'>Pimelea rosea</a>"
"Rice Flower 2","1","Syn. Pimelea decora"
"Rice Flower 2","2","A slender shrub that has an open habit and large amounts of pink flowering heads in the Spring and Summer"
"Rice Flower 2","3","A great small shrub suited to large tubs and mixed garden beds"
"Rice Flower 2","4","Prefers a moist well-drained soil in a sunny to partly shaded position"
"Rice Flower 2","5","Frost tolerant"
"Rice Flower 2","6","Keep moist in summer and mulch well to keep roots cool and moist"
"Rice Flower 2","7","Cultivate soil before planting"
"Rice Flower 2","8","Dig hole twice the width of the container"
"Rice Flower 2","9","Remove plant from container and place into the hole so the soil level is the same as the surrounding ground"
"Rice Flower 2","10","Fill hole firmly and water in well even if the soil is moist"
"Rice Flower 2","11","Attracts butterflies"
"Rice Flower 2","12","See also <a href = '/Flowers/Ozothamnus.html'>Ozothamnus 'Cosmic'</a>"
"Rice Flower 2","13","Supplier: Kuranga Native Nursery"
"Rose 4","1","Status: Defunct"
"Snake bean","1","Plant in full sun, with plants 30cm - 40cm apart"
"Snake bean","2","Matures in 8-10 weeks"
"Snake bean","3","Will need vertical support"
"Snake bean","4","Companions: Carrots, Cucumber, Parsley and Spinach"
"Snake bean","5","Supplier: Botanical Creations"
"Snake bean","6","Status: Defunct"
"Spiked mint-bush","1","This mint bush forms an upright, evergreen shrub carrying long, broad leaves with a distinct minty aroma"
"Spiked mint-bush","2","White of pale flowers are produced in Spring"
"Spiked mint-bush","3","Grow for both the aroma of the leaves and the mass of flowers. Ideal for shrubberies"
"Spiked mint-bush","4","Grows well in a cool, partly shaded position in moist, well-drained soil"
"Spiked mint-bush","5","Prune after flowering to maintain compct growth. Keep moist in dry weather"
"Spiked mint-bush","6","Cultivate soill before planting. Dig hole twice the width of the container"
"Spiked mint-bush","7","Remove plant from container and place into the hole so the soil leve is the same as the surrounding ground"
"Spiked mint-bush","8","Fill hole firmly and water in well even if the soil is moist"
"Spiked mint-bush","9","© Norwood"
"Spring Snowflake","1","Flowering: 2012-06-01, in Autumn (Melbourne, Victoria, Australia)"
"Spring Snowflake","2","The flowers are not aromatic, although the stalk does have an aroma, possibly confusing people"
"Spring Snowflake","3","Pruning: No"
"Spring Snowflake","4","Feeding: No"
"Sweet Lilli","1","Extremely long flowering plant with masses of rose-pink/orange flowers late Spring and Autumn"
"Sweet Lilli","2","Drought tolerant once established"
"Sweet Lilli","3","Full sun position"
"Sweet Lilli","4","Attracts birds and butterflies"
"Sweet Lilli","5","Spread: Approx 90cm high x 50cm wide"
"Sweet Lilli","6","Supplier: Rippon Lea Estate"
"Tamarisk","1","Pruning: Cut back in spring"
"Tea Tree 1","1","See also <a href = '/Flowers/Leptospermum.html'>Tea Tree 2</a>"
"Tea Tree 2","1","'Rudolph' is a fast-growing medium to tall shrub"
"Tea Tree 2","2","It has attractive purplish new growth and small red flowers"
"Tea Tree 2","3","Flowering commences in December and may continue through Christmas"
"Tea Tree 2","4","It is a cold-hardy screening plant which tolerates wet conditions"
"Tea Tree 2","5","The appealing leaf color and growth habit make this plant ideal for screens, hedges and low wind breaks"
"Tea Tree 2","6","In Summer, when many other shrubs have finished flowering, 'Rudolph' comes into bloom and provides color for the festive season"
"Tea Tree 2","7","If space allows, group planting will offer a superb display"
"Tea Tree 2","8","Fertilize regulary to encourage new growth"
"Tea Tree 2","9","Planting is simple: Dig the hole twice the width of the root ball and a little deeper"
"Tea Tree 2","10","Position the plant no deeper than it was in the pot, refill the hole and water well"
"Tea Tree 2","11","Mulching is beneficial in improving the soil and conserving moisture"
"Tea Tree 2","12","See also <a href = '/Flowers/Leptospermum.obovatum.anisophyllea.html'>Tea Tree 1</a>"
"Tea Tree 2","13","Supplier: Pinewood Nursery"
"Thelionema caespitosum","1","Tufted plant with narrow, grass-like leaves bears blue, star-like flowers on slender branching stems"
"Thelionema caespitosum","2","Plant for a striking mass display"
"Thelionema caespitosum","3","Suitable for growning in pots or decorative containers on patios or verandahs"
"Thelionema caespitosum","4","Adds color and form to garden beds and borders"
"Thelionema caespitosum","5","Prefers well-drained soil but will tolerate most soil types"
"Thelionema caespitosum","6","Tolerant of light frost"
"Thelionema caespitosum","7","If desired, old leaves can be removed to keep plants tidy"
"Thelionema caespitosum","8","Mulch well to retain soil moisture and suppress weeds"
"Thelionema caespitosum","9","Fertilise with a low phospherous, slow release fertiliser if required"
"Thelionema caespitosum","10","Full sun or part shade"
"Thelionema caespitosum","11","Flowers in Spring"
"Thelionema caespitosum","12","Supplier: Kuranga Native Nursery"
"Viola 1","1","Flowering: 2011-11-26, in Spring (Melbourne, Victoria, Australia)"
"Viola 3","1","Flowering: 2011-11-26, in Spring (Melbourne, Victoria, Australia)"
"Viola 3","2","The 3rd and 4th images are flowering now (2012-06-25), in Winter (Melbourne, Victoria, Australia)"
"Viola 3","4","The 3rd image flower has an extremely faint aroma"
"Viola 3","5","Pruning: No"
"Viola 3","6","Feeding: No"
"White Cane Begonia","1","This is a cane-stemmed Begonia"
"White Cane Begonia","2","The flowers have a faint, pleasant aroma"
"White Cane Begonia","3","Flowering: 2011-11-14, in Spring (Melbourne, Victoria, Australia)"
"White Cane Begonia","5","Pruning: No"
"White Cane Begonia","6","Feeding: No"
"White Gaura","1","Status: Defunct"
"Woolly Bush","1","Apparently flowering is a very rare event"
"Woolly Bush","2","This flower was longed for but unexpected"
"Wormwood","1","A great form of the ever reliable Wormwood"
"Wormwood","2","Beautful siver foliage is a great colour and textural foil for other plants"
"Wormwood","3","Tolerates heat and dry soil and gently forms a spreading clump"
"Wormwood","4","Supplier: Rippon Lea Estate"
"Wulfen Spurge","1","A fantastic garden plant for any hot, dry spot"
"Wulfen Spurge","2","A bullet-proof evergreen shrub with unusual foliage and big, lime-green flower heads in Spring"
"Wulfen Spurge","3","Cut back stems that have flowered to the base, leaving others"
"Wulfen Spurge","4","Supplier: Rippon Lea Estate"
"Zion Red","1","<a href = 'http://www.benaranurseries.com/productinfo.asp?ID=12092'>An extremely similar plant</a>"
